Name,Neighborhood,Category,Vibe,Address,Price Range,Notes,Why It's Hidden
Trailer Daddy,St. Pete - Central Ave,Bar,Quirky cocktails,"Central Ave, St. Pete",$$,Trailer-park themed bar with legit well-crafted drinks and flamingo glasses. New on the scene and somehow nobody talks about it yet.,New spot nobody's heard of
Madame Fortune,Ybor City,Bar,Lowkey dive,"Ybor City",$$,Speakeasy-style cocktail bar tucked into Ybor. Dim lighting date night energy without feeling cheesy.,Hidden gem in a crowded neighborhood
The Thai Temple Sunday Market,Greater Tampa,Market,Cultural experience,"Temple location",Free to $,Sunday morning Thai market with food vendors actual Thais eat. Changes your life if you go before 10am.,Locals only. Tourists have no idea
Deviant Libation,Downtown,Bar,Live music,$5 shows,"Downtown Tampa",$ to $$,$5 Sunday shows with live bands. Unreal value. Attracts musicians and real music fans.,People don't know live music this good costs $5
Tampa Food Truck Central,East Broadway,Food Trucks,Casual lunch,"E. Broadway",$ to $$,Five food truck vendors in one spot. Colombian-Venezuelan fusion from Sancocho y Lena is standout.,New and lowkey
Smith's Provisions,Sparkman Wharf,Burger,Casual,"Sparkman Wharf",$$,Roadside burger concept right on the water. Simple menu huge flavors. New at Sparkman.,Fresh opening nobody's hit yet
Secondhand Market,St. Pete,Thrift,Weekend vibe,"Youth Farm, St. Pete",$,Saturday mornings 9am-noon. Thrift finds at a literal youth farm. Community vibes.,Weekend-only locals secret
Oro,Rome Collective,Spanish,Date night,SoHo,$$$,Spanish restaurant doing wood-fired paella and tapas. Opening soon at Rome Collective.,Pre-opening buzz nobody outside the scene knows
The Landon,SoHo,Fine Dining,Special occasion,$,$$$,Hell's Kitchen chef Robert Hesse running the show. 717 S Howard. Actually impressive.,Celebrity pedigree but still feels local
Mainsail Art Festival,Vinoy Park,Event,Culture,Vinoy Park,$,250+ juried artists 51 years running free admission. Actually worth your weekend.,Annual but underrated
Into the Woods,Demens Landing,Theatre,Date night,Demens Landing,$$,Outdoor Sondheim at the water. Runs through April. Unexpected.,"You'd never think to go, but it's perfect"
SoDough Square,St. Pete,Pizza,Casual lunch,"4th St N, St. Pete",$ to $$,Detroit-style pizza spot new on 4th Street. Not a lot of people know yet.,Brand new
Asian Pacific Islander Cultural Festival,Curtis Hixon,Event,Cultural,Curtis Hixon,Free,Free admission live performances. Actually learn something.,Niche but worth it
Gasparilla Music Fest,Meridian Fields,Music Festival,Music weekend,Meridian Fields,$$$,Mt. Joy Shakey Graves Jai Wolf April 10-12. Best music fest in Tampa.,Underrated compared to other cities
ZooBrews,Zoo Tampa,Event,Night out,Zoo Tampa,$$$ to $$$$,Adults-only unlimited drinks food live music. Genuinely fun.,People forget the Zoo exists as a venue
Cuban Sandwich Festival,Centennial Park,Food Festival,Weekend family,Centennial Park,Free,370-foot world record attempt free admission live salsa.,Annual but actually insane
Pride of Tampa Festival,Cuban Club Ybor,Festival,Culture,Cuban Club Ybor,Free,Inaugural celebration hourly drag shows noon-5pm free festival.,"First year, groundbreaking for the city"
Sugar Sand Festival,Clearwater Beach,Festival,Family weekend,Clearwater Beach,$$,24000 sq ft sand sculptures concerts fireworks through April 12.,Clearwater secret
Katt Williams,Benchmark Arena,Comedy,Comedy show,Benchmark Arena,$$$$,Golden Age Tour. Enough said.,"Big name, actually in town"
Bricks of Ybor,Ybor City,Restaurant,Casual dinner,Ybor City,$$,Wood-fired pizza cocktails rooftop vibes. Ybor's best overall restaurant.,Good but less hyped than Columbia
La Creperie,Ybor City,French,Brunch,Ybor City,$ to $$,French crepes breakfast brunch. Better than the tourist spots.,Hidden in plain sight in Ybor
Columbia,Ybor City,Cuban,Dinner,Ybor City,$$,Historic Cuban restaurant. Tourist-heavy but legitimately good. Go off-hours.,Institution but deserves the hype
Glazed & Confused,SoHo,Bakery,Breakfast,SoHo,$ to $$,Donut shop that became a brewery brewery scene anchor.,Weekends only
Oxalis,SoHo,Farm-to-table,Dinner,SoHo,$$$ to $$$$,Farm-to-table seasonal changing menu. Worth the hype.,Instagram-friendly but substance over style
Edge Rooftop at Epicurean,Downtown,Rooftop Bar,Drinks,Downtown,$$$ to $$$$,Best rooftop bar if you're judging by actual vibe and drinks,Touristy but actually good
M.Bird at Armature Works,Armature Works,Rooftop Bar,Sunset drinks,Armature Works,$$,Rooftop with a view. Best Instagram spot that's actually fun to hang.,Popular but legit
Fly Bar,Downtown,Rooftop Bar,Party vibe,Downtown,$$,High-energy rooftop. Fun if you like crowds.,Party spot but underrated
Kunafa King,Temple Terrace,Middle Eastern,Lunch,Temple Terrace,$ to $$,Middle Eastern spot in Temple Terrace. Kunafa alone deserves a feature.,Nobody goes to Temple Terrace but should
Willa's,West Tampa,Restaurant,Dinner,West Tampa,$$,West Tampa gem putting the neighborhood on the map.,Emerging neighborhood
Hard Rock Tampa,Channelside,Venue,Live Music,Channelside,$$$ to $$$$,Concerts venue. Beach Boys The Who coming soon.,Tourist spot but legitimate acts
Busch Gardens,East Tampa,Amusement Park,Family day,East Tampa,$$$$,Theme park roller coasters shows. Surprisingly fun for adults.,People forget it exists
Tropicana Field,Downtown,Sports,Baseball,Downtown,$$$ to $$$$,Rays baseball home opener April 6. Live sports in your city.,Every local should catch a game
Straz Center,Downtown,Arts,Theatre,Downtown,$$$ to $$$$,Broadway shows performances. Professional venue worth checking.,Cultural anchor people overlook
